{"cameraMode":{"drawMode":0,"name":"Shaded","section":"Shading Mode"},"sceneLighting":true,"audioPlay":false,"sceneViewState":{"showFog":true,"showMaterialUpdate":false,"showSkybox":true,"showFlares":true,"showImageEffects":true,"showParticleSystems":true},"in2DMode":false,"pivot":{"x":15.05615234375,"y":0.80078125,"z":0.33203125},"rotation":{"x":0.06009947508573532,"y":0.20894229412078858,"z":-0.012866182252764702,"w":0.9759947657585144},"size":11.878564834594727,"orthographic":true}