{"cameraMode":{"drawMode":0,"name":"Shaded","section":"Shading Mode"},"sceneLighting":true,"audioPlay":false,"sceneViewState":{"showFog":true,"showMaterialUpdate":false,"showSkybox":true,"showFlares":true,"showImageEffects":true,"showParticleSystems":true},"in2DMode":false,"pivot":{"x":-2.8592960834503176,"y":8.582132339477539,"z":-0.01445344090461731},"rotation":{"x":0.0946304202079773,"y":-0.0814373716711998,"z":-0.007768876850605011,"w":-0.9921455383300781},"size":59.7204475402832,"orthographic":true}