{"cameraMode":{"drawMode":0,"name":"Shaded","section":"Shading Mode"},"sceneLighting":true,"audioPlay":false,"sceneViewState":{"showFog":true,"showMaterialUpdate":false,"showSkybox":true,"showFlares":true,"showImageEffects":true,"showParticleSystems":true},"in2DMode":false,"pivot":{"x":11.701663970947266,"y":4.937905788421631,"z":13.77736759185791},"rotation":{"x":0.10925956815481186,"y":-0.01997963711619377,"z":0.002196229761466384,"w":0.9938099980354309},"size":26.98139762878418,"orthographic":true}