{"cameraMode":{"drawMode":0,"name":"Shaded","section":"Shading Mode"},"sceneLighting":false,"audioPlay":false,"sceneViewState":{"showFog":true,"showMaterialUpdate":false,"showSkybox":false,"showFlares":true,"showImageEffects":true,"showParticleSystems":true},"in2DMode":false,"pivot":{"x":23.01766014099121,"y":0.9768872261047363,"z":-0.006143331527709961},"rotation":{"x":0.06752244383096695,"y":0.2841885983943939,"z":-0.020068777725100519,"w":0.9561772346496582},"size":6.216338157653809,"orthographic":true}